{"cameraMode":{"drawMode":0,"name":"Shaded","section":"Shading Mode"},"sceneLighting":true,"audioPlay":false,"sceneViewState":{"m_AlwaysRefresh":false,"showFog":true,"showSkybox":true,"showFlares":true,"showImageEffects":true,"showParticleSystems":true,"showVisualEffectGraphs":true,"m_FxEnabled":true},"in2DMode":false,"pivot":{"x":15.307086944580079,"y":6.9221906661987309,"z":10.007354736328125},"rotation":{"x":-0.23058466613292695,"y":0.14878953993320466,"z":-0.03569263592362404,"w":-0.9609552621841431},"size":1.9353430271148682,"orthographic":false}