{"cameraMode":{"drawMode":0,"name":"Shaded","section":"Shading Mode"},"sceneLighting":true,"audioPlay":false,"sceneViewState":{"m_AlwaysRefresh":false,"showFog":true,"showSkybox":true,"showFlares":true,"showImageEffects":true,"showParticleSystems":true,"showVisualEffectGraphs":true,"m_FxEnabled":true},"in2DMode":false,"pivot":{"x":11.973773956298829,"y":7.74849271774292,"z":6.807146072387695},"rotation":{"x":-0.18103723227977754,"y":0.15915270149707795,"z":-0.029692407697439195,"w":-0.9700688123703003},"size":0.4035591781139374,"orthographic":false}