{"cameraMode":{"drawMode":0,"name":"Shaded","section":"Shading Mode"},"sceneLighting":true,"audioPlay":false,"sceneViewState":{"m_AlwaysRefresh":false,"showFog":true,"showSkybox":true,"showFlares":true,"showImageEffects":true,"showParticleSystems":true,"showVisualEffectGraphs":true,"m_FxEnabled":true},"in2DMode":false,"pivot":{"x":18.602031707763673,"y":5.358061790466309,"z":10.854951858520508},"rotation":{"x":-0.17145544290542603,"y":0.3078294098377228,"z":-0.056454163044691089,"w":-0.9342010021209717},"size":2.970207452774048,"orthographic":false}