{"cameraMode":{"drawMode":0,"name":"Shaded","section":"Shading Mode"},"sceneLighting":false,"audioPlay":false,"sceneViewState":{"m_AlwaysRefresh":false,"showFog":true,"showSkybox":false,"showFlares":true,"showImageEffects":true,"showParticleSystems":true,"showVisualEffectGraphs":true,"m_FxEnabled":true},"in2DMode":false,"pivot":{"x":0.11775493621826172,"y":6.779661655426025,"z":-0.9741790294647217},"rotation":{"x":0.1509876698255539,"y":0.3235182762145996,"z":-0.052374690771102908,"w":0.9326360821723938},"size":10.465083122253418,"orthographic":false}